"id","mp_id","name","description","price"
"0857e1d5-7fd3-4263-b640-95e95877e332","6b0b5bf3-16f4-4405-b0ae-4313228ee31f",Acarakampus.com,"Hak:
1. 1x post feed Instagram
2. 1x story Instagram

Kewajiban:
1. 40 orang follow Instagram @acarakampus.official & like 10 post terbaru
2. 40 followers TikTok @acarakampus.official
3. 40 orang subscribe YouTube youtube.com/acarakampusofficial & like 3 video terbaru
4. Mencantumkan logo dan tag akun Instagram""",0.0
"412baa00-0808-4ba4-bfa2-9cec23f71735","6b0b5bf3-16f4-4405-b0ae-4313228ee31f",Acarakampus.com,"Hak:
1. 1x post feed Instagram
2. 1x post story Instagram (bisa pakai fitur swipe up/sticker link, masuk highlight story special event)
3. 1x status WhatsApp
4. Bisa request waktu posting/langsung tanpa antrian",25000.0
db0654d3-d0df-4e89-9c31-d2041c639083,"6b0b5bf3-16f4-4405-b0ae-4313228ee31f",Acarakampus.com,"Hak:
1. 2x post feed Instagram
2. 2x post story Instagram (bisa pakai fitur swipe up/sticker link, masuk highlight story special event)
3. 2x status WhatsApp
4. Bisa request waktu posting/langsung tanpa antrian",40000.0
"67d38891-dd61-43a4-a00f-d098233832c2","6b0b5bf3-16f4-4405-b0ae-4313228ee31f",Acarakampus.com,"Hak:
1. 3x post feed Instagram
2. 3x post story Instagram (bisa pakai fitur swipe up/sticker link, masuk highlight story special event)
3. 3x status WhatsApp
4. Bisa request waktu posting/langsung tanpa antrian""",50000.0
"314dab3e-d1f5-4598-8464-82d3fe0836a5",c2a2b772-6696-476e-b230-7eda70a1d453,Share Event,"Hak:
1. 1x post feed Instagram (carousel max 2)
2. 1x post story Instagram

Kewajiban:
1. 50 orang follow Instagram @share_event @linikini_id & like 5 post teratas
2. 50 adders LINE@ @zkw5705s
3. Pencantuman logo",0.0
"512d2588-4861-4e54-b771-a991507e9264",c2a2b772-6696-476e-b230-7eda70a1d453,Share Event,"Hak:
1. 1x post feed instagram",250000.0
"156ee323-5607-470a-9212-f045fa1ade96",c2a2b772-6696-476e-b230-7eda70a1d453,Share Event,"Hak:
1. 1x post story instagram",100000.0
"0b07b589-03b3-4c47-a20f-cdffe7cd3ff5",c2a2b772-6696-476e-b230-7eda70a1d453,Share Event,"Hak:
1. 1x post feed + story instagram",300000.0
abcc5278-6538-4c00-a012-3dc3e50022b9,f25189ef-97b4-40de-bd7f-d3e7f02f69e9,Seputar Event,"Hak: 
1. Akses submit promo di halaman Promo Acara dan tampil di halaman terdepan (tanpa batasan)
2. 1x post Twitter @seputarevent

Kewajiban: 
1. Mencantumkan logo Seputar Event pada setiap materi promo.",0.0
"9988cdaa-2394-4a4c-b823-bbec26744108","9a5af855-0e8a-418d-97db-0d41235f985d",Seputar Kuliah,"Hak:
1. 1x feed di Instagram @seputarkuliah & @event.seputarkuliah
2. 1x story di Instagram @event.seputarkuliah
3. 1x timeline di akun LINE @seputarkuliah

Kewajiban:
1. Follow Instagram @seputarkuliah dan @event.seputarkuliah (sesuai jumlah panitia) & like min 5 postingan teratas Instagram @event.seputarkuliah
2. Membuat 1 video Q&A jurusan (ketentuan: event.seputarkuliah.com/syarat-paket-gratis/)
3. Mencantumkan logo @seputarkuliah""",0.0
"421c9c4b-b6ee-4931-9834-a6c5edcba1e0","9a5af855-0e8a-418d-97db-0d41235f985d",Seputar Kuliah,"Hak:
1. 1x post feed Instagram @seputarkuliah & @event.seputarkuliah",50000.0
"40e347bf-bb54-401e-9ac1-c1ecba4654ef","9a5af855-0e8a-418d-97db-0d41235f985d",Seputar Kuliah,"Hak:
1. 1x post feed Instagram @seputarkuliah & @event.seputarkuliah
2. 1x story Instagram @event.seputarkuliah",75000.0
"8a2c690b-0673-428e-9fce-672cb11b6b70","9a5af855-0e8a-418d-97db-0d41235f985d",Seputar Kuliah,"Hak:
1. 1x post feed Instagram @seputarkuliah & @event.seputarkuliah
2. 1x story Instagram @event.seputarkuliah
3. 1x timeline LINE @seputarkuliah""",100000.0
"232d6bc3-a5f8-46bf-9c7a-3f3a17d6fd48","39347419-d2e1-46ce-ae60-bb9f7c6f4ee1",Info Event Mahasiswa Indonesia,"Hak:
1. 1x Posting Instagram stories dan
2. 1x Posting Feed instagram @infomahasiswaindonesia

Kewajiban:
1. Minimal 35 orang panitia WAJIB untuk *Follow dan likes pada 5 postingan terbar akun official instagram @infomahasiswaindonesia
2. Like Fanspage & Postingan Official Facebook Pages INFO MAHASISWA INDONESIA (OPTIONAL UNTUK JUMLAHNYA) 
3. GABUNG GRUP TELEGRAM https://t.me/infoeventmahasiswa (OPTIONAL UNTUK JUMLAHNYA) 
4. WAJIB Daftar 35 akun yang sudah memenuhi SK Follow & Likes bisa dikirimkan dalam bentuk list username via chat whatsapp",0.0
"91cfc885-3ebe-4f67-a4c2-afd8bc7835e5","39347419-d2e1-46ce-ae60-bb9f7c6f4ee1",Info Event Mahasiswa Indonesia,"Hak:
1. 1x post Instastory
2. 1x post Feed instagram
3. 1x post di Fanspage Facebook",30000.0
"5ce7a9dd-95b6-42c8-8973-dd9a72d65827","39347419-d2e1-46ce-ae60-bb9f7c6f4ee1",Info Event Mahasiswa Indonesia,"Hak:
1. 3x post Instastory (Masuk Sorotan/Highlight Stories)
2. 2x post Feed instagram
3. 2x post di Fanspage Facebook",0.0
"81495298-5975-4a7f-b81c-41841c7f392b","8a59b50c-8dea-4cc2-a950-80a8ccde9393",Media Event,"Hak:
1. 1x IG Story, 1xFb, 1xTwitter, 1x Telegram

Kewajiban :
1. 25 Panitia follow dan like 5 postingan terbaru instagram @mediaevent
2. 25 Panitia follow dan like 5 postingan terbaru akun (pilih salah satu) twitter : @mediaevent_ , tiktok : Mediaevent, Telegram : @Mediaevent, Linkedin : Media Event Group""",0.0
"08e0a7ba-4d70-4199-af77-1134cb674e91","8a59b50c-8dea-4cc2-a950-80a8ccde9393",Media Event,"Hak:
1. 1x feed IG
2. 1x IG story
3. 1x Telegram
4. 1x Twitter",50000.0
e7ce1ef5-c551-482f-8a50-b5b339cade74,"8a59b50c-8dea-4cc2-a950-80a8ccde9393",Media Event,"Hak:
1. 1x feed IG
2. 1x IG story
3. 1x Telegram
4. 1x Twitter
5. 1x Fb
6. 1x Line""",65000.0
"221cf8cf-f5de-428e-87a0-ce7499a4acf7",b5f985b6-0583-4104-ac42-e6c2966d7d98,Mahasiswa Indonesia,"Hak:
1. Post feed IG 1x

Kewajiban:                                                                               
1. Kirimkan proposal kegiatan ke email mhsindonesia.co@gmail.com
2. Tambahkan logo mahasiswa.id pada pamflet
3. Minimal panitia subscribe youtube 30 orang (Pengembangan Akun) 	",0.0
"3f2e68e4-a307-4aaf-98cd-23c00afd625f","73331035-b2f1-4636-aec7-538924aaaf61",Mading Event,"Hak:
1. Di post poster 1x di feeds (boleh menentukan tanggal)

Kewajiban:
1. Ajak 35 orang untuk follow dan like 15 postingan terakhir @madingevent.id
2. Ajak 35 orang untuk follow dan like 9 postingan terakhir @events.ina
3. Ajak 35 orang untuk follow dan like 9 postingan terakhir @event.list
4. Baca salah satu artikel di bisariset https://www.bing.com/search?q=bisariset

Catatan
1. Untuk yang lebih dari 50 orang maka boleh 2x feeds",0.0
"8b47cbb8-99f4-43dd-9d39-ac72d449c885","73331035-b2f1-4636-aec7-538924aaaf61",Mading Event,"Hak:
1. Di post 2x di feeds (boleh menentukan tanggal)
2. Snapgram 2x beserta link swipe up (boleh menentukan tanggal)

",35000.0
"61c0110f-5a6e-4f06-a695-6f0d42af8ea5","73331035-b2f1-4636-aec7-538924aaaf61",Mading Event,"Hak:
1. Di post 3x di feeds (boleh menentukan tanggal)
2. Snapgram 3x beserta link swipe up (boleh  menentukan tanggal)
3. Link pendaftaran akan dimasukin di linkinbio @madingevent.id (hanya bisa 1 link pendaftaran yang dimasukkan)",50000.0
ccf713c6-149a-477c-92d4-e078f108e49b,"73331035-b2f1-4636-aec7-538924aaaf61",Mading Event,"Hak:
1. Di post 3x di feeds (boleh menentukan tanggal)
2. Snapgram 3x beserta link swipe up (boleh  menentukan tanggal)
3. Link pendaftaran akan dimasukin di linkinbio @madingevent.id (hanya bisa 1 link pendaftaran yang dimasukkan)
4. Story akan disimpan di highlights sampai acara selesai",70000.0
f0202d80-14b1-4cbc-b04e-d7335c1b1555,"73331035-b2f1-4636-aec7-538924aaaf61",Mading Event,"Hak:
1. Di post 3x di feeds (boleh menentukan tanggal)
2. Snapgram 3x beserta link swipe up (boleh  menentukan tanggal)
3. Link pendaftaran akan dimasukin di linkinbio @madingevent.id (hanya bisa 1 link pendaftaran yang dimasukkan)
4. Story akan disimpan di highlights sampai acara selesai
5. Feeds akan di pin di instagram sehingga akan menjadi paling atas sampai acara selesai",100000.0
e33a4933-acbd-47a2-b761-f52484225132,"002ad707-8006-4c7f-9d98-19e0650cff0d",Seputar.infoid,"Hak:
1. 1 feed ig
2. 1 ig story

Kewajiban :
1. Mencantumkan logo @seputar.infoid
2. Follow @seputar.infoid minimal 25 akun dan masing-masing akun like minimal 12 postingan bebas",0.0
"367dcb5b-1933-4536-972b-3f1a8d664085","3da60dd0-0f03-4a36-956b-14b1498ea0c4",Event Jakarta,"Hak:
1. 1x posting di www.eventjakarta.com",200000.0
"4116818e-451a-467c-b56e-0f7dfe3e9c36","1eca0bde-4a8f-4c83-8f2c-00fdf3afa085",Rajanya Event,"Hak:
1. 2x Post feed,  2x post stories Instagram  
2. 1x post di FB stories dan feed di jam prime time.
3. Post akan dimulai ketika logo Rajanya Event sudah di cantumkan dalam poster Acara

Kewajiban:
1. Pemasangan Logo Rajanya Event di semua publikasi acara (Poster, Backdrop, banner, dll)
2. Adlips MC saat acara berlangsung
3. Pengiriman materi yg sudh fix maksimal H - 5

Keterangan:
Biaya Penambahan promote media partner
1. Feed IG 1X post = 20k",0.0
e2577393-7952-4e4c-945a-359ed7c7c5f1,f07381a9-ef42-4fe2-8708-0097fc7996ad,Event Banget,"Hak:
1. Pasang logo Eventbanget
2, Follow IG @eventbanget min. 20 akun dan join telegram 20 akun
3. Isi survey event di bit.ly/eventbangetsurvey

Kewajiban:
1. Post Website
2. IG Story + Highlight 1x
3. Feed Instagram 1x""",0.0
cbe494e4-bd16-4c94-9767-85e49cd8d2f4,f07381a9-ef42-4fe2-8708-0097fc7996ad,Event Banget,"Hak:
1. Post Website
2. IG Story + Highlight 1x
3. Feed IG 1x",99000.0
f0461fc9-492f-4584-832e-1a1387bcd6c0,f07381a9-ef42-4fe2-8708-0097fc7996ad,Event Banget,"Hak:
1. Post Website
2. Featured on Web
3. IG Story + Highlight 1x
4. Feed IG 1x
5. Bc Telegram 1x",199000.0
e6117527-5cec-4cee-8119-b21972698c3f,f07381a9-ef42-4fe2-8708-0097fc7996ad,Event Banget,"Hak:
1. Post Website
2. Featured on Web
3. IG Story + Highlight 2x
4. Feed IG 2x
5. Bc Telegram 1x
6. IG News 1x",249000.0
babf99c4-a677-4a92-b550-077fac301519,"108d4d57-94ec-4719-881b-c57c83c5f472",Info Event,"Hak: 
1. 1x feed ig 
 
Kewajiban:
1. Wajib follow dan like 5 postingan(min 30 akun), ig @info.event_ """,0.0
"56ab0efc-1e70-4ee2-89a9-ded240e39bc9",fb47ef4b-e90c-4323-b914-9b8f7203a831,Good News From Indonesia,"Hak: 
1. 3x Publikasi (2x twitter dan 1x IG story)	",0.0
c173b537-a396-4715-a7eb-1af151608bef,fd5611ee-0ac8-4c12-8be1-fdcc6e51e593,Events Ina,"Hak:
1. Di post poster 1x di feeds (boleh menentukan tanggal)

Kewajiban:
1. Ajak 10 orang untuk upload IGS share post Instagram @cekin_turnitin dan like 3 postingan terakhir (https://www.instagram.com/p/CcUEpgMPMgZ/?utm_source=ig_web_copy_link)
2. Tag IG @cekin_turnitin dan tambah kata-kata """"Cek Turnitin GRATIS!""""",0.0
d8e448ee-dea9-4b10-9a97-1aaa595d6dfb,"118f9c15-f664-4425-8e4f-12cee4fb576c",Olimpiade Update,"Hak:
1. Posting 1 x Feed Instagram dan Instastory

Kewajiban:
1. Memasang logo Olimpiade Update
2. 35 account Follow @olimpiade_update dan @ou_festiva

Keterangan:
1. Materi berupa video dikenakan biaya tambahan Rp 10.000,-
2. Menambah slide dikenakan biaya tambahan Rp 5.000,-/slide
3. Tidak memasang logo Olimpiade Update dikenakan biaya tambahan Rp 5.000,-
""",0.0
"75c4bb61-1d53-4b0f-876f-b79bbb8605cb","1ac91de0-f91f-40b1-9e8d-e075b633f541",Event Mahasiswa 8,"Hak:
1. Post poster di feed IG 1x
2. Post di timeline line 1x
3. Bonus publikasi youtube (berupa video) 1x

Kewajiban: 
Minimal 15 panitia bersedia melakukan
1. Follow akun IG @eventmahasiswa8 dan @marevcreative.
2. Like 10 postingan terakhir IG @eventmahasiswa8 dan @marevcreative
3. Subscribe chanel youtube mahasiswa creative""""""",0.0
c9c8133c-db13-4ec4-8038-7fc04de77bc1,"950dca1d-c5d0-4b49-adda-e546dd8fd2c7",Event Campus,"Hak:
- 1x Instagram (Posting and Story)
- Posting di KEEP selamanya 
- Posting hanya berupa PICT/GAMBAR

Kewajiban:
- Memasukan Logo @eventcampus disetiap pamflet acara dan atribut acara (pamflet, poster, baligho, id card, sertifikat, seragam panitia, dll.)
- 40 orang panitia WAJIB untuk follow  akun sosial media @eventcampus (Instagram dan TikTok)
- Jika panitia kurang dari 40 bisa minta bantu dari luar panitia
- Bukti persyaratan boleh berupa screenshot atau list
- Pastikan poster dan caption sudah benar-benar FIX karena untuk paket FREE tidak bisa REPOST poster :)
- Poster bisa di SLIDE maksimal 5 poster dan diusahakan sudah ukuran SQUARE (ukuran instagram)
- Menaruh intagram yang ditag di caption karena instagram kasih limit untuk tag jadi untuk FREE tag hanya melalui caption
- MATERI DIKIRIM KETIKA SUDAH BISA DIPUBLIKASI",0.0
a89f9034-0327-46a1-96e3-e5962d6d774f,"5466d296-1a74-4101-bcb0-5d11df5487a8",event apa aja,-,0.0
"750ee5d0-93dd-4315-96cd-41ee53138d34","945f04b7-e2a5-4709-b548-bde9f0babda1",Bandung Creative Media,"Hak: 
1. Publikasi Ig Feed & Story (2x)
2. Publikasi Facebook (2x)

Kewajiban
1. 50 followers Instagram",0.0
"0d945e0c-8c86-4ed9-a142-41874f92b7eb","945f04b7-e2a5-4709-b548-bde9f0babda1",Bandung Creative Media,"Hak:
1. Publikasi Ig Feed (2x)
2. Publikasi Facebook (2x)

Kewajiban:
1. 40 followers Instagram",0.0
"127b9d9f-4b04-4b13-a58d-1a1f717f0605","945f04b7-e2a5-4709-b548-bde9f0babda1",Bandung Creative Media,"Hak: 
1. Publikasi Ig Feed & Story (1x)
2. Publikasi Facebook (1x)

Kewajiban:
1. 30 followers Instagram",0.0
"41358220-77a2-43a2-beb7-7778ab0d8c16","945f04b7-e2a5-4709-b548-bde9f0babda1",Bandung Creative Media,"Hak: 
1. Publikasi Ig Feed (1x)
2. Publikasi Facebook (1x)

Kewajiban: 
1. 20 followers Instagram",0.0
"77d72184-ff45-48ca-87a8-ad2611142eac",de090cd7-0a32-4a62-a782-6cc5a7119806,Event News,"Hak:
1. 1 kali post ig EventNews_id dan 1 kali post Instastory EventNews_id.

Kewajiban:
1. Memasang logo Event News di media publikasi acara.
2. 35 orang memfollow akun ig @Eventnews_id & @silvisafitri_ dan like 3 postingan teratas akun tersebut.
3. 3 orang mendownload aplikasi Snack Vidio https://s.kwai.app/s/iudUfnYJ",0.0
"43c7691d-b4f1-46dd-8fbe-d58fed1cedca",bd224d0d-f249-4619-9db7-3134c50c3838,Informasi Event,"Hak:
1. 2 post + 2 story

Kewajiban:
1. Follow @informasievent, @updaterkini.id, dan @lomba_tryout.id sebanyak 35 acc
2. Menaruh logo
",0.0
c7edf160-0115-49ed-b960-d016b30e2c0b,"7a9fca8f-777b-42f9-b8a1-69d5b05cbce0",Zona Kampus,"Hak:
1. 1x post feed 
2. 1x post insta story 
3. Bisa memilih jadwal post

Kewajiban:
Untuk 35 panitia dalam acara itu
1. Follow ig @zona_kampus.id di shorturl.at/pEX05
2. Follow juga @kampushype di shorturl.at/nrAKT
3. Tunjukkan buktinya dalam bentuk username yang sudah follow. Jika ada yg cuma list aja tanpa follow cancel Media Online.",0.0
f2cdbba6-ff1d-4d63-93da-116d955ab2a5,"4d611e3c-879b-4348-bb74-29d09f0216b7",ITB Receh,"Hak:
1. 1x Postingan di Feed Instagram (Keep 5 hari)
2. 1x Postingan di Story Instagram (Keep 24 jam)

Kewajiban:
1. Pencantuman logo ITB Receh pada materi publikasi. Logo dapat diakses pada link berikut bit.ly/LogoITBReceh. Materi publikasi tanpa logo ITB Receh tidak akan kami publikasikan. 
2. Follow akun @keos.people dan @life.receh minimal 15 akun. Lampirkan bukti berisi nama, username serta screenshot. Format lampiran dibebaskan
3. Materi publikasi belum pernah dipublikasi sebelumnya tanpa logo ITB Receh""",0.0
e5091cb6-9f39-4c99-9984-ea802348da15,"1ecaf398-cd68-493a-933e-8bdc8ad76041",Jatinangor Banget,"Hak:
1. Free biaya administrasi. (Mendapat fasilitas publikasi 1x di Home Line dan 1x Instastory)

Kewajiban:
1. Penyelenggara acara menyantumkan logo Jatinangor Banget di seluruh media publikasi. 
2. Penyelenggara acara mengirimkan proposal/penjelasan acara ke email Jatinangor Banget.
3. Kirimkan poster dan caption yang sudah siap dipublikasikan melalui Official Account Line Jatinangor Banget / WhatsApp.
4. Follow Instagram Jatinangor Banget min. 40 followers.
5. Kirimkan bukti list followers ke Official Account Line Jatinangor Banget / WhatsApp.
6. Menyediakan free pass event min. 2 tiket untuk Live Report. (Kondisional)",0.0
"04796f9b-e0bf-4499-a0ff-b67580a89dbe","1065cf60-39be-4d49-9f56-605718a05684",Info Event Kampus ,"Hak:
1. Benefit 2x post feed ig (slide post max 3 poster), 1x share ig (swipe up),
2. Tanggal dan waktu post menyesuaikan ketersediaan slot""	

Kewajiban:
1. Follow @eventkampus.co 20
2. Mencantumkan logo eventkampus.co pada poster event 
3. Mengirimkan list follow, poster, dan caption melalui WA admin maksimal H-7 pelaksanaan event ",0.0
f30b0bac-a625-4215-8708-a05179887a58,abb5b10f-9cc2-460c-b40a-a0f417ca7542,Lomba Indonesia,"Hak:
1. 1x feed dan igs ke 3 Akun: @gudanglomba.ind, @infolomba.sch, dan @infolomba.est

Kewajiban:
1. Follow @gudanglomba.ind  (30 akun)
2. Follow @infolomba.sch ( 25 akun)
3. Follow @infolomba.est (25 akun) 
4. Follow @infolomba_talk (25 akun) 
5. Like 4 post terupdate",0.0
"5bb1d7db-ec7c-40ff-9db8-fc796932628e","3da60dd0-0f03-4a36-956b-14b1498ea0c4",Event Jakarta,"Hak:
1. 1x tweet di twitter.com/eventjakartacom",200000.0
cc0bee48-66aa-4c2e-9560-405df7b24096,"496246fb-d01a-4aef-b742-5f5d9c40753a",Event Hunter.id,"Hak:
1. 1x feed

Kewajiban:
1. Memasang logo @EVENTHUNTER.ID pada poster acara yang di-post
2. Follow IG & like 3 post terakhir IG @EVENTHUNTER.ID minimal 10 akun",0.0
"0cad4fd1-73ad-4c3d-8bdb-a5ffc8009724",dc654a3f-4a4a-44a8-8f6b-19519ab5208b,Update Mahasiswa,"Hak:
1. 1 feed
2. 1 ig story

Kewajiban:
1. Follow ig @update.mahasiswa min. 30 akun
2. Wajib cantumin logo di setiap materi publikasi",0.0
bad8014d-b680-42a4-847a-4c53e7406ce4,"0d46b623-6447-4265-ac8f-ab96b7b772b6",Infovolunteers,"Hak: 
1. Diposting 1 kali feeds dan 1 kali story, Story akan direpost dari feeds

Kewajiban: 
1. Mencantumkan logo @infovolunteers
2. Follow @infovolunteers minimal 20 akun dan like minimal 3 postingan (cukup list username saja tanpa screenshoot)",0.0
"55babf64-600b-42ca-8ebb-36fab04af022","18a80ac1-3009-4d79-b2e8-f43b7bd1bbc4",Event List ,"Hak: 
1. 2 post 2 story dan highlights

Kewajiban:
1.  20 orang follow @event.list http://instagram.com/event.list 
2. ike 10 postingan teratas 
3. 10 klik iklan di http://bing.com/search?q=bisariset ",0.0
a8a41a10-9bee-4ced-a50a-1536ccc8623c,"166757b0-b566-40a3-a2d5-4a583aab975b",As Resources Indonesia,"Hak: 
1. 1x Instagram --> Feed (maks 1 slide) dan Story

Kewajiban:
1. Mencantumkan logo AS Resources Indonesia di semua materi publikasi
2. Akun Instagram ditag
3. Follow Instagram sebanyak 20 acc dan like 5 postingan terakhir di @asresourcesindonesia
4. Follow Tiktok sebanyak 5 acc dan like 5 postingan terakhir di @asresourcesindonesia
",0.0
d122c317-0f51-4281-9f3e-da215891c184,"166757b0-b566-40a3-a2d5-4a583aab975b",As Resources Indonesia,"Hak:
1. 1x Instagram --> Feed (maks 1 slide) dan Story

Kewajiban:
1. Mencantumkan logo AS Resources Indonesia di semua materi publikasi
2. Akun Instagram ditag
3. Membuat artikel min 500 kata mengenai """"Makna Hidup""",0.0
"4c111fa1-af74-4cfb-be60-3e566d51f00b","7f0981d9-0a1f-4e72-adca-d14c52f513ea",Event Center,"Hak:
1. 1x Feed IG eventcenter.id, max 7 slide
2. 1x story IG eventcenter.id + swipe up
3. Grup telegram event nasional dan webinar nasional
4. Dapat request tanggal upload

Kewajiban:
1. Follow 2 akun @eventcenter.id & @kelasimpian_com dgn min 35 akun dan join grup telegram @event_nasional https://t.me/eventnas min 10 akun
2. Pastikan kirim list username dgn benar dan gunakan @. Wajib cantumkan logo @eventcenter.id",0.0
"502a8c75-9f29-4b87-81b1-6b87030257f8",a425ad03-8ab5-4fe8-877a-09c5803b1163,infokupedia.id,"Hak:
1. 1x Posting ke-3 akun IG
Partner kolaborasi dengan komposisi berikut:
- Jadwal post Media Onlinet gratis mengikuti antrian 5 hari terhitung setelah semua persyaratan terpenuhi dan sudah kirim materi post (Poster dan Caption).
- Media Onlinet gratis tidak mendapatkan fasilitas tag akun atau link di Snapgram

Kewajiban:
1. Menyimpan No. Admin
2. Follow akun Instagram @infokupedia.id, @infokampusku.id, @eventnasional.idn, @infoeventnasional.id, @webinarindonesia.info, dan @infolombanasional.id dengan minimal 25 akun serta
3. Menyukai 8 postingan terakhir dari ke-6 akun tersebut.
4. Bukti follow berupa list username dikirim ke 085233637394
5. Wajib Mencantumkan logo @infokupedia.id, @infokampusku.id, @eventnasional.idn untuk ke-3 logo
6. Kirim Poster dan Caption ke nomor 085233637394.",0.0
"661c7712-a1ec-4f46-980a-19373cf41aac","4381edca-9f01-43f0-bff6-75ebc1c4a002",Swara Radio 107.9 FM,"Hak:
1. Melakukan publikasi acara di akun resmi Instagram (feeds), Line, Twitter dan Tiktok Swara Radio pada H-14 acara sebanyak 1x.
2. Melakukan publikasi acara berupa Story Instagram di akun resmi Swara Radio sebanyak 2x, dan di masing-masing akun crew Swara Radio sebanyak 1x.
3. Melakukan Live Report saat acara berlangsung berupa Story Instagram (bersifat tentatif).

Kewajiban:
1. Pencantuman Logo Swara Radio disetiap publikasi yang tersedia dan penyebutan media partner oleh MC pada saat acara berlangsung.
2. Mendapatkan 2 free pass untuk meliput acara dari Pihak Kedua.
3. Mendapatkan followers di setiap akun resmi Swara Radio. Twitter : @swararadio, Instagram : swararadio, serta Tiktok : Swararadio, oleh pihak panitia (min.20 orang).
4. Pihak Pertama mendapatkan konten publikasi dari Pihak Kedua.",0.0
b5d89132-6440-4e14-a455-426460d83cd8,"3c1d85ae-a503-47c7-a276-37ea299a6b8c",Event.tik,"Hak: 
1. Post feeds 1 kali

Kewajiban:
1. 30 orang masing-masing follow @event.tik dan like 12 postingan terakhir kita
2. 30 orang masing-masing baca satu blog di ekonomiaw.id + 5 orang klik iklan saat membaca blog",0.0
ce88d9ae-bcf4-43b8-871c-0a637a9adba5,"1b451da7-3de7-4084-aed7-c6da26a8781d",Point Kampus,"Hak: 
1. 1x Feeds

Kewajiban:
1. Sebanyak minimal 20 akun melakukan follow akun ig @pointkampus dan melakukan like di 15 postingan terbaru 
2. Sebanyak minimal 20 akun melakukan promosi IG Story. Promosinya cukup Screen shoot profil dan tag ig @pointkampus
3. Poster/flyer/leaflet/pamphlet kamu yang akan kami promosikan wajib diberi latar belakang/background sesuai tamplate kami",0.0
"8fc0fad9-afab-4a8b-807a-ca5943dfa14d","8257b5f3-1f4c-4c2c-82f0-b4230126fa24",Event network,"Hak:
1. 1x post feed dan story @eventnetwork.id
2. Tidak bisa pilih tanggal

Kewajiban:
1. Follow @eventnetwork.id, @partner.event, dan @seminarcenter.id dengan 30 akun
2. Like 10 postingan teratas @eventnetwork.id, @partner.event, dan @seminarcenter.id""",0.0
cd915c82-21c4-4342-b088-db3595bc3ce0,"0f2b46d8-4419-4010-9ea1-6735bd5a4aec",Rumah Sarjana,"Kewajiban:
1. Memberikan poster beserta captionnya 
2. Memberikan 25 followers untuk memfollow @rumahsarjana.id, @lokermagang.co.id dan @sarjanaevent.id
3. Memberikan 25 Like untuk 10 postingan terakhir Instagram @rumahsarjana.id
4. Memberikan 25 Subcriber untuk subcribe Youtube Rumah Sarjana (bit.ly/YTRSID)
5. List @usernamenya dikirimkan lewat chat ini ya kak 
6. Memasang Logo Rumah Sarjana
7. Tag @rumahsarjana.id pada poster utama (akun penyelenggara)
8. Mencantumkan @rumahsarjana.id dan #rumahsarjana pada caption (akun penyelenggara) untuk semua publikasi ya üòä.",0.0
e1578743-38a6-4dc3-a601-b4b5d1fda73b,ec2fe918-87fa-4421-ba3a-22175335757b,Hearo,-,0.0
d5040407-3fba-440b-855c-28ecdd311ade,d8224e6b-486f-4955-bc11-c0e1e1e4ea34,Polban News,"Hak:
1. Share publikasi sebanyak satu kali pada akun resmi Instagram Polban News. 
2. Insta story sebanyak dua kali 
3. Share live report hanya pada acara hari H maksimal dua kali 
4. Waktu publikasi dari jam 07.00-21.00 WIB 
5. Waktu publikasi disepakati oleh kedua belah pihak

Kewajiban:
1. Logo Pihak Kedua dicantumkan pada baliho,spanduk,poster dan/atau media publikasi lainnya 
2. Logo Pihak Kedua dicantumkan pada website 
3. Brand Pihak Kedua disebutkan oleh MC 
4. Diberikan akses masuk untuk meliput acara 
5. Panitia dari Pihak Pertama harus mengikuti akun Instagram @polban_news minimal sebanyak 15 akun dan mengirimkan list akun-akun yang mengikuti akun Instagram @polban_news sebagai bukti. Bila jumlah panitia kurang dari itu harus mengirimkan proposal untuk memverifikasi jumlah panitianya dan seluruh panitia tersebut harus mengikuti akun Instagram @polban_news. 
6. Diberikan slot running text",0.0
c30d925f-b681-420e-9d8b-ae551013ae05,"5681b279-6cab-4856-8776-c5320fcc5ea4",RAKA 98.8 FM BANDUNG,"Hak:
1. Promo adlibs h-3 sehari 2x (6x adlibs/spot)
2. Promo media sosial (1 minggu 1x feed dan 2x story FB ‚Äì twitter dan FB x posting)
3. Memberikan bukti siar

Kewajiban:
1. Logo terpasang di semua media promosi acara tmn2
2. Sertifikat untuk raka dan sonora, krn kmi telah support acara tmn2
3. Space untuk branding ob van (tentatif)
4. Kaos panitia yg ada logo rakan n sonora bdg nya (tentatif)
5. Dokumentasi, min 10 fto krim via email",0.0
"5676a324-e636-4ef7-a1b1-46c76477a650","118f9c15-f664-4425-8e4f-12cee4fb576c",Olimpiade Update,"Hak:
1. Posting 1x feed instagram dan instastory
2. Maksimal slide 5 poster

Kewajiban:
1. Memasang logo
2. Follow olimpiade_update dan ou_festival (min 35 akun)",0.0
"32653c13-0a0c-4745-846b-4b515778f36e","6967940d-7b4b-44f1-a7ce-899029e503cf",Soal Event,-,0.0
"33b8b15b-5d4b-4f65-b5fa-c8fa46b0f237","4a5e6ec7-72c0-4801-8374-707ef57f015d","106.7 Mara FM","Hak:
1. Penayangan adlibs 21x tayang : 3x per hari periode H-7
2. Promo sosial media : 
- Feed IG 1x
- Story IG 3x
- Post Facebook 1x
- Story FB 1x

Kewajiban                                                                                                                                                                                                                                                                                                                     1. Pihak media partner berhak menempatkan logo dengan ukuran M (medium) pada poster resmi OSKM 1TB 2022.
2. Pihak media partner berhak menempatkan logo dengan ukuran M (medium) pada publikasi media sosial OSKM 1TB.
3. Pihak media partner berhak menempatkan logo dengan ukuran M (medium) pada Website OSKM 1TB.
4. Pihak media partner berhak menempatkan logo dengan ukuran M (medium) dalam Aftermovie OSKM 1TB 2022.
5. Pihak media partner berhak menempatkan logo dengan ukuran M (medium) pada Booklet resmi OSKM 1TB 2022.
6 Pihak media partner berhak menempatkan logo dengan ukuran M (medium) pada Banner atau Backdrop OSKM 1TB 2022.
7. Pihak media partner berhak menempatkan logo dengan ukuran M (medium) pada Layout Livestream OSKM 1TB 2022.
8. Pihak media partner berhak mendapatkan adlibs yang akan disampaikan sebanyak 10 kali pada sesi moderator.
9. Pihak media partner berhak memberikan video komersial yang akan ditayangkan sebanyak 1 kali pada sesi materi dengan durasi maksimal 30 detik.
10. Pihak media partner berhak mendapatkan running text yang akan ditampilkan di bawah video pada sesi materi.""""""	",0.0
f45cfdc5-6c10-42ff-ac2c-c580a8befa8b,adc68c57-60e1-4223-b809-42ac42bbafa0,eventcampus.co,"Hak:
1. 1x Feed Post (Keep Selama masa kegiatan)
2. 1x InstaStory Post
3. Tidak dapat request jadwal posting

Kewajiban:
1. Follow Akun Instagram kami sebanyak 30 org dan like 5 Postingan Terakhir kami di @eventcampus.co
2. Tampilkan logo kami di pamflet kegiatan (https://drive.google.com/file/d/1BkWBRBdwf_KTS0g2vvcN6c91H-jsQa8x/view?usp=sharing)
3. Join channel telegram kami sebanyak 30 Akun [ https://t.me/eventcampus_co ]",0.0
a402a080-2da6-49a6-9ff4-250313a6a0f5,c502e6bb-b516-479f-9de4-14ae22a91c0c,alleventsid,"Hak:
1. Post feed satu poster dengan caption di post 1x [Tanpa Story]

Kewajiban:
1. Follow @alleventsid minimal 30 akun
2. Like 10 postingan terakhir @alleventsid
3. Waktu posting ditentukan pihak @alleventsid
4. Mencantumkan logo @alleventsid hubungi WhatsApp untuk logo
5. List username yang sudah follow & pamflet-caption kirim ke WA",0.0
c12f624a-b2a4-468b-bd67-26f64cb45cc8,"46801cb8-a3cc-4d91-afec-0832602d2e95",Event alerts,"Hak:
1. 1x post feeds
2. 1x IG Story (dipost hanya di @event.alerts)

Kewajiban:
1. Follow IG @event.alerts menggunakan 20 akun
2. Follow Linkedin Event Alerts menggunakan 5 akun
3. Like 10 foto teratas @event.alerts dengan 20 akun tersebut
4. Wajib mencantumkan logo @event.alerts pada pamflet bit.ly/EventAlertsLogo
5. Proses post 1-3 hari setelah persyaratan terpenuhi dan materi post kami terima",0.0
d28961b7-4cf4-4e50-b1fe-51211d7dc3e1,ec765234-7a35-4adf-b2df-91b9cc9204f1,Ruangan Event,-,0.0
"59aa1cb6-8f72-427d-999d-70f06f063e50","8ae58016-767c-45a9-a712-979a29bbf9a4",Webinar Kuy,"Hak:
1. Post Feed instagram sebanyak 1 kali. Bisa sampai dengan 4 slide.
2. Post storygram sebanyak 1 kali dengan fitur sticker tautan yang diarahkan langsung ke link pendaftaran event.
3. Keep Highlight 1 post storygram sebagai media partner selama 3 bulan.

Kewajiban:
1. Follow akun instagram kami https://instagram.com/webinar.kuy oleh minimal 35 orang panitia acara untuk event gratis/donasi dan 37 orang panitia untuk event berbayar.
2. Insert Logo Kami pada poster/baner publikasi event (Link download logo: bit.ly/WKLogo )
3. Poster yang sudah diposting di feed instagram tidak bisa di revisi atau take down lalu reupload. Disarankan untuk mengirimkan poster yang sudah fix dan final.
4. Batas submit poster dan caption maksimal H-3 acara. Tidak bisa request jadwal posting feed dan storygram.
5. Paket GRATIS 1 dan GRATIS 2 hanya bisa digunakan sebanyak 1 kali (Organisasi dengan panitia yang sama tidak bisa menggunakan Paket Gratis lagi jika sudah pernah menggunakannya.)",0.0
be1e8800-36d0-4a9e-84fc-a7a63733a61d,"8ae58016-767c-45a9-a712-979a29bbf9a4",Webinar Kuy,"Hak:
1. Post Feed instagram sebanyak 1 kali. Bisa sampai dengan 4 slide.
2. Post storygram sebanyak 1 kali dengan fitur sticker tautan yang diarahkan langsung ke link pendaftaran event.
3. Keep Highlight 1 post storygram sebagai media partner selama 3 bulan.

Kewajiban:
1. Follow akun instagram kami https://instagram.com/webinar.kuy dan like 5 postingan terakhirnya oleh minimal 30 orang panitia acara untuk event gratis/donasi dan 32 orang panitia untuk event berbayar (DM kami untuk menginformasikan jumlah panitia).
2. Insert Logo Kami pada poster/baner publikasi event (Link download logo: bit.ly/WKLogo )
3. Poster yang sudah diposting di feed instagram tidak bisa di revisi atau take down lalu reupload. Disarankan untuk mengirimkan poster yang sudah fix dan final.
4. Batas submit poster dan caption maksimal H-3 acara. Tidak bisa request jadwal posting feed dan storygram.
5. Paket GRATIS 1 dan GRATIS 2 hanya bisa digunakan sebanyak 1 kali (Organisasi dengan panitia yang sama tidak bisa menggunakan Paket Gratis lagi jika sudah pernah menggunakannya.)",0.0
"7ea62be2-a33a-4dac-bcad-47cb0a675aec",e78602d4-a8f7-40e8-90cd-3227c916bbb0,Event Seputar Kuliah,"Hak:
1. 1x post feed instagram @seputarkuliah & @event.seputarkuliah
2. 1x story instagram @event.seputarkuliah
3. 1x timeline di akun @seputarkuliah total +1 juta followers

Kewajiban:
1. Follow akun @seputarkuliah dan @event.seputarkuliah (sesuai jumlah panitia) & like minimal 5 postingan teratas instagram @event.seputarkuliah 
2. Membuat 1 buah video 
3. Mencantumkan logo @seputarkuliah sebagai media partner",0.0
ab6f0dff-c505-4b38-9fea-ba4c44026f01,"17508ca6-8a2e-4846-8b35-81a1401d1323",Event.list,"Hak:
1. Post feeds 1x

Kewajiban:
1. Ajak 30 orang follow dan like 10 post teratas @event.list
2. Ajak 30 orang follow dan like 10 post teratas @seminar.up",0.0
"8200606e-f3e6-49b2-962c-28bb7344078e","51a49091-d2f8-460f-9933-c3f94e7aa27e",Eventkampuscom,"Hak:
1. 1x post feed instagram, facebook, twitter, instastory, website post

Kewajiban:
1. Panitia wajib follow official akun Instagram @eventkampuscom, @infolomba.kampus, @insoseminar.kampus, @infopensi.kampus minimal 30 akun. Dan like 10 postingan teratas di instagram
2. Follow akun tiktok https://vt.tiktok.com/ZSeAKrjwq/
3. 15 Panitia wajib Install dan register aplikasi Eventkampus.com (https://play.google.com/store/apps/details?id=com.eventkampus.mobile)
4. Panitia wajib mencantumkan logo eventkampus.com sebagai Media Partner
  ",0.0
"1d97d615-277a-457f-b6f2-95a0bd1ea37f","2aa11fa7-b201-42cb-943e-a412fe619cd4",Lomba Update,"Hak: 
1. 1x Posting Instastory dan 1x Posting Feed Instagram 
2. Materi publikasi berupa GAMBAR 
3. Maksimal 5 poster
4. Waktu posting ditentukan pihak Lomba Update 

Kewajiban:
1. Mencantumkan Logo @lomba_update di flyer/materi publikasi (OPTIONAL) 
2. Minimal 16 orang panitia WAJIB follow akun Instagram @lomba_update, serta masing-masing akun memberikan likes pada 15 postingan terbaru
3. Pemberian like dilakukan pada waktu yang sama (memberi konfirmasi waktu berupa tanggal) 
4. Like Fanspage & Postingan Official Facebook Pages Lomba Update (OPTIONAL)",0.0
c6725a51-b5d4-4a6b-ae80-b3aabdc101e8,"73331035-b2f1-4636-aec7-538924aaaf61",Mading Event,"Hak:
1. Di post poster 1x di feeds (boleh menentukan tanggal)
2. Untuk yang lebih dari 50 orang maka boleh 2x feeds

Kewajiban:
1. Ajak 20 orang untuk follow dan like 15 postingan terakhir @madingevent.id
2. Ajak 20 orang untuk follow dan like 9 postingan terakhir @events.ina
3. Ajak 20 orang untuk follow dan like 9 postingan terakhir @event.list
4. Isi form berikut (3 pertanyaan) https://forms.gle/LZiJLE92WmbaLGjm6",0.0
df2a732d-9fbb-4759-9620-66fa218fa33c,"1874fee1-9367-4c7f-9476-ff48892d80e9",Info webinar id,-,0.0
"6fba7a5f-57af-4d38-ba85-8e25ac7ddf09","39347419-d2e1-46ce-ae60-bb9f7c6f4ee1",Info Event Mahasiswa Indonesia,"Hak:
1. 1x Posting Instagram stories dan 1x Posting Feed instagram @infomahasiswaindonesia
2. Postingan akan di KEEP selamanya
3. Materi publikasi atau flyer hanya berupa GAMBAR (JPG/PNG)
4. Materi publikasi boleh lebih dari 1 poster untuk dijadikan slide dalam 1 feed (maksimal 4 poster)

Kewajiban:
1. WAJIB MENCANTUMKAN LOGO @infomahasiswaindonesia di flyer/materi publikasi event sebagai media partner
2. Minimal 35 orang panitia WAJIB untuk *Follow akun official instagram @infomahasiswaindonesia, serta masing-masing akun memberikan likes pada 5 postingan terbaru
3. Like Fanspage & Postingan Official Facebook Pages INFO MAHASISWA INDONESIA (OPTIONAL UNTUK JUMLAHNYA) 
4. Jika panitia kurang dari 35 orang maka boleh untuk minta bantu dari luar panitia event
5. Menginformasikan untuk GABUNG GRUP TELEGRAM (https://t.me/infoeventmahasiswa)
6. WAJIB Daftar 35 akun yang sudah memenuhi SK Follow & Likes bisa dikirimkan dalam bentuk list username akun (Dikirimkan via chat whatsapp BUKAN FILE WORD/PDF/EXCEL)
7. Daftar 35 akun yang sudah follow dan likes boleh dikumpulkan via Excel/link GDRIVE (Bukti Screenshoot Follow & Likes)",0.0
"9f4198dd-af35-4487-a1b0-ceab6ffeecbc","745c03c3-d49a-4c0a-a32c-986479a3e15a",Info Event Kampus,"Hak:
1. Post ke 3 akun Instagram @infokampusku.id @infolombanasional.id @eventnasional.idn (sewaktu- waktu bisa di post ke akun partner lain jika akun di atas mengalami antrian panjang) 
2. Postingan mengikuti antrian kurang lebih 5 hari. 
3. Tidak ada fasilitas tag akun atau link di Snapgram.

Kewajiban:
1. Menyimpan No. Admin 
2. Follow akun Instagram: @infokupedia.id @infokampusku.id @infolombanasional.id @eventnasional.idn dan @webinarindonesia.info dengan minimal 25 akun serta menyukai 8 postingan terakhir dari ke-5 akun tersebut.
(Bukti follow berupa list username) dikirim ke: 081212399465 
3. Mencantumkan logo @infokupedia.id @infokampusku.id @eventnasional.idn untuk logo Media Onlinet lainnya opsional. Boleh dipasang/tidak. 
4. Kirim Bukti Follow, Poster dan Caption ke nomor 081212399465 ",0.0
"12fe021e-d0c0-4fc8-ba32-6e595da9f424","1b451da7-3de7-4084-aed7-c6da26a8781d",Point Kampus,"Hak:
1. 1 Feed IG 

Kewajiban:
1. Sebanyak minimal 15 akun melakukan follow akun ig @pointkampus dan melakukan like di 10 postingan terbaru @pointkampus
2. Sebanyak minimal 15 akun melakukan promosi IG Story. 
3. Poster/flyer/leaflet/pamphlet kamu wajib diberi latar belakang/background sesuai tamplate kami. 
4. Pencantuman logo point kampus bersifat tidak wajib, ",0.0
f1090dad-43d4-4346-a31e-af5330875b64,fd5611ee-0ac8-4c12-8be1-fdcc6e51e593,Events Ina,"Hak:
1. 1x Feed Post (Keep Selama masa kegiatan)
2. 1x InstaStory Post

Kewajiban:
1. Follow Akun Instagram kami sebanyak 30 org dan like 5 Postingan Terakhir kami (Instagram.com/eventcampus.co)
2. Tampilkan logo kami di pamflet kegiatan (https://drive.google.com/file/d/1BkWBRBdwf_KTS0g2vvcN6c91H-jsQa8x/view?usp=sharing)",0.0
"2fc8e268-3337-40c9-a9bd-153eb43bf877",adc68c57-60e1-4223-b809-42ac42bbafa0,eventcampus.co,"Hak:
1. 2x feed ig dan 2x instastory

Kewajiban:
1. Follow ig dan like 8 post terakhir @infolombaevent.id (minimal 15 orang)",0.0
"742cdb81-b114-4ce9-812a-07117100a4a0",adc68c57-60e1-4223-b809-42ac42bbafa0,eventcampus.co,"Hak:
1. 1x feed ig dan 1x instastory

Kewajiban:
1. Follow ig dan like 8 post terakhir @infolombaevent.id (minimal 10 orang)",0.0
e8352854-09cf-4420-902d-4873fa2b0089,"9f372777-d731-4eba-9c09-83737eeabfcf",Info Lomba dan Event Terupdate,"Hak:
1. 1 X Post Instagram & 1 X Post Instastory
2. Keep Highlight 

Kewajiban:
1. Follow instagram @seminar.ind dengan minimal 15 akun panitia Kirimkan bukti follow instagram seminar.ind ke WA kami berupa list
2. Pencantuman logo kami Pamflet/Poster
3. Bantu 5 like postingan terakhir (Semua Akun)
",0.0
c5ab06b8-7eb1-4a30-b706-8a972c93eef1,"9f372777-d731-4eba-9c09-83737eeabfcf",Info Lomba dan Event Terupdate,"Hak:
1. 2 X Post Instagram& 2 X Post Instastory
2. Keep Highlight 

Kewajiban:
1. Follow instagram @seminar.ind dengan minimal 25 akun panitia Kirimkan bukti follow instagram seminar.ind ke WA kami berupa list
2. Pencantuman logo kami Pamflet/Poster
3. Bantu 5 like postingan terakhir (semua akun)",0.0
ee440eb7-9469-4579-baf9-d5edd92abb46,"130a082c-3fdf-48e1-9393-049fbeb9f440",seminar.ind,"Hak:
1. 1x posting IG+Story, dipost sesuai antrian 10x24 jam

Kewajiban:
1. Cantumkan logo kami
2. Seluruh panitia wajib follow @eventmahasiswa3 (min. 20 akun)
3. Like 10 postingan @eventmahasiswa3 (min. 20 akun)
4. Bookmark 10 postingan @eventmahasiswa3 (min. 10 akun)
5. Share salah satu feed IG kami pada snapIG (min. 10 akun)",0.0
e297b1a5-729b-4f2a-8126-eaacf2c1f79d,"7566c8e3-d796-499f-83f5-0530fa6d5ac0",Event Mahasiswa 3,"Hak:
1. 1x Instagram (Posting and Story)
2. Posting di KEEP selamanya 

Kewajiban:
1. Posting hanya berupa PICT/GAMBAR
2. WAJIB memasukan Logo @eventcampus disetiap pamflet acara dan atribut acara (pamflet, poster, baligho, id card, sertifikat, seragam panitia, dll.)
3. 30 orang panitia WAJIB untuk follow dan subscribe akun sosial media @eventcampus (Instagram dan YouTube) ( Ini udah ditawar dari 40 jadi 30)
4. Jika panitia kurang dari 40 bisa minta bantu dari luar panitia
5. Bukti persyaratan boleh berupa screenshot atau list
6. Pastikan poster dan caption sudah benar-benar FIX karena untuk paket FREE tidak bisa REPOST poster :)
7. Poster bisa di SLIDE maksimal 5 poster dan diusahakan sudah ukuran SQUARE (ukuran instagram)
8. WAJIB menaruh intagram yang ditag di caption karena instagram kasih limit untuk tag jadi untuk FREE tag hanya melalui caption
9. MATERI DIKIRIM KETIKA SUDAH BISA DIPUBLIKASI",0.0
ac630e77-cd4d-4b30-96ab-90331434aea7,"950dca1d-c5d0-4b49-adda-e546dd8fd2c7",Event Campus,"Hak:
1. Post feed satu poster dengan caption di post 1x [Tanpa Story]

Kewajiban:
1. Follow @seminarinfo.id minimal 30 akun 
2. Semua followers Wajib like 10 postingan terakhir @seminarinfo.id 
3. Waktu posting ditentukan pihak @seminarinfo.id 
4. Mencantumkan logo @seminarinfo.id hubungi WhatsApp untuk logo
5. List username yang sudah follow & pamflet-caption kirim ke WA",0.0
"4044fd2e-c3b4-40f8-8d4c-55a9947ed9d8","82ee2dd4-401c-4712-bbed-26712d9ed2df",seminarinfo.id,"Hak:
1. 1x post feed instagram 
2. 1x story instagram 

Kewajiban:
1. Mencantumkan logo dalam materi publikasi",0.0
"5afb678d-b92e-4f82-b0e3-b4656611b76d",f38a6a80-a2a8-462d-a36e-240234c354c3,Event Bandung,"Hak:
1. Posting Website ( www.eventbandung.id )
2. 5 Tweet ( 1x tweet / hari )
3. Akan tayang H+1 setelah materi diterima, dan jam posting akan di tentukan oleh tim Media Cetak (jam 06.00 - 24.00 WIB)

Kewajiban:
1. Email ke Media Cetak@eventbandung.id : Form Promo ( terlampir di halaman 3 ) + Poster Acara / Gambar Promo yang sudah terdapat logo
2. Logo EventBandung di cantumkan pada pamflet",0.0
d2fe9835-e2be-4e16-aeef-2edec16425fc,"8a59b50c-8dea-4cc2-a950-80a8ccde9393",Media Event,"Hak:
1. Post 1x instagram story, facebook, twitter, dan telegram

Kewajiban:
1. 25 panitia wajib follow 2 akun sosmed (instagram dan twitter/tiktok/telegram/linkeidn)
2. Like minimal 5 postingan
3. Panitia wajib memasang logo media event",0.0
"2fb8d983-6b51-416f-9419-99e1a7c48b8a","108d4d57-94ec-4719-881b-c57c83c5f472",Info Event,"Hak:
1. Feed ig 1x post, 
2. Poster keep 1 minggu

Kewajiban:
1. Wajib follow dan like 5 postingan ig (minimal 30 akun)
2. Maksimal slide 1 poster
3. Wajib cantumkan logo pada poster
4. Kirim list ig follow",0.0
"5ccd340c-a6a9-459b-b85e-9ff5fdba6334","7f0981d9-0a1f-4e72-adca-d14c52f513ea",Event Center,"Hak:
1. 1x Feed Ig eventcenter.id
2. 1x Story Ig eventcenter.id + swipe 

Kewajiban:
1. Follow 2 akun @eventcenter.id & @kelasimpian_com dgn min 30 akun (kirim bukti dengan list username menggunakan @)
2. Join grup telegram @eventnasional (kirim bukti dengan list username menggunakan @) https://t.me/eventnas min 10 akun. 
3. Wajib cantumkan logo @eventcenter.id (https://linktr.ee/eventcenter.id)",0.0
"63d665fa-49a5-4c4e-ae47-94fb8c6d1285",c2ea710d-940b-4619-949f-b0ed62afc304,Ruang Mahasiswa,"Hak:
1. 1 Website Post
2. 3 Instagram Feed
3. 1 ig feed @ruangmahasiswa
4. 4 Instastory 2 akun
5. 2 Fanpage Post",100000.0
f713234c-e37e-49f3-98bd-5931f2e0e12d,"383fd193-41de-4612-9e92-eaf299508dc3",eventnasional.idn,"Hak:
1. Post ke 3 akun Instagram @infokampusku.id, @infolombanasional.id, @eventnasional.idn (sewaktu-waktu bisa di post ke akun partner lain jika akun di atas mengalami antrian panjang)
2. Postingan mengikuti antrian kurang lebih 5 hari.
3. Tidak ada fasilitas tag akun atau link di Snapgram. Pelanggaran berupa penghapusan nomor admin atau Unfollow akun Instagram berpengaruh pada poster yang akan di-post. Bisa postingan dihapus atau fasilitas postnya dikurangi.

Kewajiban:
1. Menyimpan No. Admin
2. Follow akun Instagram: @infokupedia.id, @infokampusku.id, @infolombanasional.id, @eventnasional.idn, dan @webinarindonesia.info dengan minimal 25 akun
3. Menyukai 8 postingan terakhir dari ke-5 akun tersebut
4. Mencantumkan logo @infokupedia.id, @infokampusku.id dan @eventnasional.idn. Untuk logo Media Online lainnya opsional. Boleh dipasang/tidak.
5. Kirim Bukti Follow, Poster dan Caption ke nomor 081212399465",0.0
e809b959-ee51-4d20-a121-535d0062921f,b314fec8-8f8d-4eba-9fc1-2f7d917af659,Info Lomba & Event Indonesia (infolombaplus),"Hak:
1. 2x feed dan igs @infolombaplus
2. 2x feed dan igs @lombaterbuka
3. 2x feed dan igs @mediainfolomba
4. Dapat request jadwal

Kewajiban:
1. Menyertakan logo @infolombaplus di Poster
2. Follow @infolombaplus 10 akun dan like 5 post terakhir
3. Follow @lombaterbuka 10 akun like 5 post terakhir
4. Follow @mediainfolomba 10 akun like 5 post terakhir
5. Download snack video dan masuk ID 955935607 sebanyak 10 akun pengguna baru",0.0
"9c9b242f-ce61-4501-9547-0a88ce3c5282",dd5af211-772a-45f8-9513-0bde62139c64,Berita Lomba,"Hak:
1. 1x feed & 1x instastory

Kewajiban:
1. Maksimal 3 Slide poster
2. 30 Panitia wajib tag instagram @beritalomba ketika publikasi event yang bersangkutan melalui akun masing-masing (bisa feed / insta story) ",0.0
af82932a-b872-4e42-881b-22f87ce1ec84,"267e04f0-1026-43fa-9b20-a96cb204b41f",Berita Satu,"Hak:
1. Membuat artikel dua kegiatan Perayaan Wisuda April 2022. Peliputan dan penulisan artikel dilakukan oleh Berita Satu
2. Memuat setiap artikel Perayaan Wisuda April 2022 yang diberikan Divisi Ekstrakampus Perayaan Wisuda April 2022 . Artikel ditulis oleh Divisi Ekstrakampus Perayaan Wisuda April 2022

Kewajiban:
1. Foto atau video animasi dengan durasi maksimal 10 detik pada acara Perayaan Wisuda April 2022
2. Logo dengan ukuran L akan terdapat di poster acara dan publikasi iklan
3. Logo dengan ukuran L akan ditampilkan di website Perayaan Wisuda April 2022
4. Mendapatkan penyebutan nama sebanyak 12 kali sepanjang acara Perayaan Wisuda April 2022
5. Mendapatkan tampilan nama dalam bentuk running text ssebanyak 4 kali pada acara Perayaan Wisuda April 2022
6. Logo Media Online dengan ukuran L akan ditampilkan pada aftermovie Perayaan Wisuda April 2022
7. Mendapat tampilan logo dengan ukuran L di publikasi Instagram Perayaan Wisuda April 2022
8. Mendapat tampilan logo dengan ukuran L pada majalah Perayaan Wisuda April 2022
9. Mendapat tampilan logo dengan ukuran L pada frame acara Perayaan Wisuda April 2022
10. Seluruh artikel dimuat di website Berita Satu, kemudian diunggah di Facebook Berita Satu paling lambat H+3 setelah kegiatan berlangsung.",0.0
"90d2f60e-686f-4058-a399-9e222d939d6c","3faca3c5-ac07-48d1-9571-d4475ca5dd94",Info Lomba,"Hak: 
1. Maksimal 3 slide poster
2. Posting feed sebanyak 1 kali
3. Menerima revisi poster dan caption 1X maksimal H-7 jadwal posting
4. Waktu posting sesuai antrian, tidak bisa request

Kewajiban:
1. Memasang logo infolomba : *bit.ly/LogoINFOLOMBA*
2. 10 panitia like dan comment (sambil tag 2 akun teman non panitia) di 10 postingan terakhir @infolomba (TIDAK WAJIB FOLLOW)",0.0
fe6cea90-ef92-441f-bbc3-91b77023d19a,"3faca3c5-ac07-48d1-9571-d4475ca5dd94",Info Lomba,"Hak:
1. Jika ada perpanjangan pendaftaran bisa langsung mengirim pamflet untuk diposting di instastory ( GARTIS! )

Kewajiban:
1. Menambahkan logo @info.lomba di pamflet, banner dan sebagainya. Logo dapat di download disini üëâ ( https://bit.ly/LOGOINFO-LOMBA )
2.  Seluruh panitia WAJIB FOLLOW, LIKE & KOMENTAR di 5 postingan terbaru  @info.lomba https://bit.ly/3cwIXlS  ( minimal 25 akun ) dengan TAG 2 teman atau lebih, dibuktikan berupa list username panitia ( AKAN DICEK! ).
3. Pengiriman pamflet minimal 10 hari sebelum pendaftaran event ditutup (Jika terlalu dekat dengan pendaftaran terakhir dan pamflet belum terposting bukan tanggung jawab kami)
4. Tidak ada TAG di-postingan feed
5. Tidak bisa request jadwal posting (menunggu antrian)

Catatan:
1. Jika foto lebih dari 1 maka dikenakan biaya 5k/foto",0.0
f2acfadd-efe9-4541-a005-e853e922bd66,"43eccdb4-e68b-40e5-a7d6-6a93be2539c2",YOT Bandung,"Hak:
1. Feed Instagram 1 kali
2. Instastory 1 kali
3. Bisa request jadwal publikasi (H-3)

Kewajiban:
1. Mencantumkan Logo
2. Follow Instagram @yotbandung minimal 10 orang",0.0
f255cd3a-98d1-4c84-8613-0694b440a63d,"8eae6cfc-cc42-4bc8-bfed-26610bde804f",Event Journal,"Hak:
1. Feed Instagram : 1x
2. IG story link swipe : 2x
3. Posting website : 1x
4. Facebook : 1x

Kewajiban:
1. Donor konten kreatif berupa‚Äùvideo/desain‚Äùtema dan style bebas,boleh tentang makna kehidupan,tips yg bersifat edukasi,bahkan hobby.(Khusus‚Äùdesain‚Äùwajib menggunakan karakter warna Event Journal dan boleh lebih dari 1 slide).
2. 20 account like 25 postingan terakhir
3. 20 account follow Instagram @eventjournal.id
4. 10 account upload dan mention video teaser eventjournal.id di story Instagram.
5. Pemasangan logo diseluruh media poster publikasi",0.0
"7ef76495-71de-4548-a802-b5653e9486b3","88e8cf20-1695-43e0-81f2-26e57c9f8494",BDG Today,"Hak:
1. 1x IG feeds
2. 1x IG Stories

Kewajiban:
1. Follow 20 akun
2. Mencantumkan logo BDGTODAY di semua media punlikasi
3. Download logo BDG today di http://bit.ly/bdgtodaylogo
4. Adlibs Media partner dibacakan oleh MC Event bekerja sama dengan BDG Today
5. Materi publikasi dikirimkan paling lambat h-5. jika ebih dari H-5 Pihak BDG Today berhak tidak memposting acara tersebut",0.0
"497b4b2d-ecbd-4c1c-ab88-749d8e87f09b","4fd1d7aa-dc97-4809-9924-08f209bc814f",Pasundan Radio,"Hak:
1. Posting Materi dengan mempublikasi di Sosial Media Pasundan Radio sebanyak 1x [ Twitter & Instagram ]

Kewajiban:
1. Follow Akun Instagram Pasundan Radio sebanyak 35 Akun
2. Follow Akun Twitter Pasundan Radio sebanyak 35 Akun
3. Subscribe Youtube Channel Pasundan Radio sebanyak 25 Akun",0.0
b430f174-28cc-40b6-8fee-4fc5dc93f3e5,"3da60dd0-0f03-4a36-956b-14b1498ea0c4",Event Jakarta,"Hak:
1. Posting Website ( www.eventjakarta.com )
2. 5 Tweet ( 1x tweet / hari )
3. 5 Post Facebook Page",0.0
fe000ef6-e4ae-43ef-8a0d-d9adfb8848a4,b427807c-d47e-4e68-8d6a-c1a76c455ac6,Teman Acara,"Hak:
1. Post di website dan semua akun sosial media teman acara

Kewajiban: 
2. Mengisi form yang berisi poster dan caption yang akan dipublikasikan
3. Mencantumkan logo teman acara di poster	",0.0
c1f4d561-9a81-4bdd-98e4-c27a9691fce2,"4d611e3c-879b-4348-bb74-29d09f0216b7",ITB Receh,"Hak: 
1. 1x postingan di feed instagram (keep 3 hari, boleh pilih slot tanggal)
2. 1x postingan di story instagram (keep 24 jam)

Kewajiban: 
1. Pencantuman logo ITB Receh pada materi publikasi (bit.ly/LogoIITBReceh)
2. Follow akun @itb.receh dan @life.receh 15 akun (perlu bukti nama, username, ss)
3. Materi publikasi belum pernah dipublikasikan sebelumnya tanpa logo ITB Receh",0.0
fa5d2518-8e4d-426f-b276-90c67ec887aa,"019d55d5-6f29-438e-860b-e5eb2bc905e9",LFM ITB,"Hak:
1. 1x poster igs @doksoslfm, Dokumentasi acara beserta softcopy dokumentasi
2. Publikasi dokumentasi acara di feeds @doksoslfm (3 posts)

Kewajiban:
1. 15 followers ig @lfmitb
2. 15 followers ig @doksoslfm
3. 10 subscribers youtube LFM ITB
4. Pencantuman logo LFM ITB
5. Adlibs",0.0
f5e56f97-9edb-49d9-ad51-373d7e8ec1e3,c2ea710d-940b-4619-949f-b0ed62afc304,Ruang Mahasiswa,"Hak:
1. 1 Website Post
2. 3 Instagram Feed
3. 1 ig feed @ruangmahasiswa
4. 4 Instastory 2 akun
5. 2 Fanpage Post
6. Press release di website atau IG @ruangmahasiswa",150000.0
"7915ea9d-6bfd-41d5-9846-72c4e0c19bc1",aba07b83-2d78-4a54-8a65-9f3cb649351a,"103,9 FM Hits Unikom Radio","Hak:
1. Promosi bisa request (adlibs, talkshow)",1000000.0
"9bfef7fd-0595-4d33-af50-c5d0efeb1f41","61880303-97cc-4b45-9a81-3072c2861394",Blog Mahasiswa,"Hak:
1. 1x post konten feed instagram event ( jadwal post : 1 minggu setelah persyaratan dipenuhi)

Kewajiban:
1. Follow instagram¬†@ngampus.in @blogmahasiswa.indo @event.blogmahasiswa dan @foxteamswin¬†minimal 30 orang.
2. Penyelenggara event berkewajiban untuk memasang logo¬†blogmahasiswa¬†di¬†poster event.
3. Memasang logo blogmahasiswa.indo bisa download¬†disini.
4. Poster publikasi dapat anda kirim melalui¬†WhatsApp di nomor 08819756022.

ATAU

1. Membuat artikel bebas tentang mahasiswa atau teknologi, dengan kriteria
- Minimal artikel 500 kata.
- No Plagiat
- Memasang logo blogmahasiswa.indo bisa download¬†disini.
- Penyelenggara event berkewajiban untuk memasang logo¬†blogmahasiswa¬†di¬†poster event.
- poster publikasi dapat anda kirim melalui¬†WhatsApp di nomor 08819756022.
2. Artikel kalian akan kami publish di website kami yaitu blogmahasiswa.com",0.0
addc0195-31f5-4992-99c7-92c202e4fe82,"250c6448-285f-4bf6-8ff3-abd2283e8fc5",Kawan Kampus,"Hak:
1. 1x post

Kewajiban:
1. Menambahkan logo @kawankampus diseluruh media publikasi kegiatan/event.(bit.ly/logoMedia OnlinetKK)
2. Panitia WAJIB follow akun IG @kawankampus dan Subscribe Youtube KAWAN INVEST Minimal masing-masing 20 orang.
3. Kirimkan bukti rekan-rekan yang sudah follow dan subscribe (dalam bentuk link G-Drive) kepada admin OA LINE/WA Official.
4. Kirimkan pamflet dan caption kepada admin.",0.0
a3e2d642-2368-485f-8e7a-d620aa91e2cc,"63c17ad9-0743-44df-9114-8b2b9b10e504",BDG.INFO,"Kewajiban:
1. Min.  25 akun instagram asli (no fake) follow akun @bdg.info
2. Peletakkan logo @bdg.info di seluruh alat publikasi (banner,  spanduk,  dll)  
3. Penyebutan media partner @bdg.info oleh MC sepanjang acara berlangsung",0.0
"406cdf31-2871-477b-a23e-2a1fc2163b6c","1ac91de0-f91f-40b1-9e8d-e075b633f541",Event Mahasiswa 8,"Hak:
1. 1x IG feeds
2. 2x timeline LINE
3. 1x publikasi Youtube
4. 1x Sponsorship Marev Creative

Kewajiban:
1. Berasal dari organisasi mahasiswa atau organisasi non proft(gerakan amal, gerakan sosial dll)
2. Minimal 15 panitia bersedia melakukan (dilakukan serentak):
- Follow akun IG @eventmahasiswa8 (instagram.com/eventmahasiswa8) dan @marevcreative(instagram.com/marevcreative), link eventmahasiswa8 ,marevcreative
- Like 10 posttingan terakhir IG @eventmahasiswa8 dan @marevcreative
- Subscribe chanel youtube mahasiswa creative, link Youtube (https://www.youtube.com/c/MahasiswaCreative)
- Berikan list melalui WA kepada panitia",0.0
"061fd719-211d-4652-8672-47d7b0b3d88d","4f22a7c9-36c6-40d3-bd1e-348535b3e038",Event Finder,"Hak:
1. 1 post di feed + 1 story

Kewajiban:
1. 80 panitia follow akun kami",0.0
beb0bd41-5f98-4a08-9663-62544414cdd6,"69abb20a-6703-4cb0-b4b6-7b19fbd6b0ed",Event Apa Aja,"Hak:
1. 1x post IG
2. 1x post channel telegram
3. 1x post timeline Line Official
4. 1x post Facebook
5. 1x Post website

Kewajiban:
1. Pasang logo kami pada acara (pamflet/poster, banner, umbul-umbul, dll), logo dapat di akses melalui link pada bagian paling bawah halaman ini
2. Follow instagram eventapaaja dan join channel telegram eventapaaja (masing-masing 30 akun)
3. Like 3 postingan instagram @eventapaaja (minimal 30 akun)
4. Share salah satu postingan dari feed IG @eventapaaja di story IG panitia dan tag @eventapaaja (minimal 10 akun)
5. Chat ke wa +62 838-7872-4611 dengan mengirim (List follower ig, join telegram, dan user name yang tag akun ig eventapaaja. Dan screenshot untuk like postingan, 30 screenshot yah)",0.0
b38c24be-1bea-4281-b3c3-4a9f66f412eb,"2fd26481-3e5a-4664-ac27-8cca57d01825",Pray Event,"Hak:
1. 1x Post & 1x Stories

Kewajiban:
1. Ajak teman-teman kalian untuk follow instagram @prayevent sebanyak 15 orang",0.0
ad23636d-9e0c-405f-81e4-be7b29c1aab5,c7045649-76ec-48fa-a8dd-296f3410a3e2,Metro TV,"Hak:
1. 2x artikel + foto (1 artikel utk kegiatan wisuda, 1 artikel utk profiling wisudawan yg menginspirasi)
2. 1x story IG medcom & facebook
3. 1x feed twitter

Kewajiban:
1. Paket fortune	",0.0
"7fd8abbe-b305-4ece-a0b0-591555ed8c27","69af40ba-cab5-4ffd-90a2-4e9c875c4f99",Jabar News,-,0.0
"40c8b538-3904-4444-95ca-fae18753df8e",c2a2b772-6696-476e-b230-7eda70a1d453,Share Event,"Hak:
1. 1x post feeds

Kewajiban:
1. 15 acc follow akun instagram @share_event
2. Like 5 postingan teratas",0.0
"7c0196fd-4ddd-4388-b60b-e7b51a82d236","4b9af191-82cc-4eac-9c32-304e25cc04be",AyoBandung.com,"Hak:
1. Promosi di feed IG 1x
2. Story 1x
3. Posting artikel 1x

Kewajiban:
1. Pemasangan logo pada poster resmi dengan ukuran S
2. Pemasangan logo di website dengan ukuran S
3. Penyebutan nama dalam acara (adlibs) sebanyak 4x
4. Pemasangan nama dalam bentuk running text sebanyak 1x
5. Pemasangan logo dalam aftermovie dengan ukuran S
6. Pemasangan logo pada publikasi Instagram dengan ukuran S
7. Pemasangan logo dalam Majalah Wisuda April ITB 2022 dengan ukuran S
8. Pemasangan logo dalam frame rangkaian acara dengan ukuran S",0.0
d8c799c4-2371-449b-b8fe-338f86e1ebac,ea084f29-cd00-4021-a3f9-51bc903c6ab2,Republika,-,0.0
"994e897d-ac78-416c-be56-abe1da5c80b2","5d6d09ad-a731-4423-b999-2f6d677bc39c","8EH Radio ITB",-,0.0
"9b3d1ffd-b4a3-4791-88d4-aac63e492105","246e9d59-9948-4160-8fbb-6923b5e5e5a2",Kita Mahasiswa Indonesia,"Hak:
1. 1x feed post instagram
2. Post instastory bebas
3. Tidak bisa request waktu postingan

Kewajiban: 
1. Semua panitia follow akun @fregostore
2. Logo Media Online dicantumin",0.0
bdd4b077-9211-49ca-9abc-f1e0210305a1,"4d6d6963-ac08-40c7-a53c-4412f31337b8",Inilah.com,"Hak:
1. Mendapatkan publikasi twitter, instagram story, instagram post, dan publikasi artikel
2. Dapat request tanggal publikasi	",0.0
"0fe20f69-cecf-40e8-b157-64e46e8b1c9e",c615506f-56b6-473d-a400-c08d9773873b,Radio Kampus ITB,"Hak:
1. 3 tweets (max 1x/hari)
2. 2x igs	

Kewajiban:
1. 10 followers ig
2. 10 followers twitter
3. 5 likes ig
4. 5 likes tweet

",0.0
b79a7688-2851-4fa5-b07c-2cde0b4055a1,dfdf2dac-061b-4c06-9e66-1bf7481365e2,Boulevard ITB,"Hak:
1. 3 tweet publikasi mulai 7 hari sebelum acara 
2. 1 tweer saat hari H acara 
3. 2 postingan publikasi  di line sebelum acara berlangsung
4. 3 postingan publikasi melalui fitur Ig story sebelum acara
5. 1-2 orang reporter Boulevard ITB meliput acara pada puncak acara
6. 4 live report pada fitur ig story'
7. 1 postingan live report di line 
8. 1 artikel atau review acara akan dimuat pada website dan atau majalah Boulevard ITB

Kewajiban:
1. 40 followers baru instagram @boulevarditb 
2. 40 followers baru twitter @boulevarditb 
3. 40 adders baru OA line @boulevarditb",0.0
"126c4c80-2445-4dda-ae50-1077b30c1768",dfdf2dac-061b-4c06-9e66-1bf7481365e2,Boulevard ITB,"Hak:
1. 1 tweet publikasi mulai 7 hari sebelum acara 
2. 1 tweet saat hari h acara
3. 1 postingan publikasi di line sebelum acara berlangsung 
4. 2 postingan publikasi melalui Instagram story sebelum acara 
5. 1-2 reporter Boulevard ITB meliput acara pada puncak acara 
6. 2 live report pada fitur ig story

Kewajiban:
1. 25 followers baru instagram @boulevarditb 
2. 25 followers baru twitter @boulevarditb 
3. 25 adders baru OA line @boulevarditb",0.0
"96c20373-03d0-46bf-919b-6654267ec426",dfdf2dac-061b-4c06-9e66-1bf7481365e2,Boulevard ITB,"Hak:
1. 1 tweet publikasi mulai 7 hari sebelum acara atau saat hari h acara
2. 1 postingan publikasi di line sebelum acara berlangsung
3. 1 postingan publikasi melalui Ig story
4. 1-2 orang reporter Boulevard ITB meliput acara pada hari puncak acara 
5. 2 live report pada fitur ig story

Kewajiban:
1. 25 followers baru instagram @boulevarditb 
2. 10 followers baru twitter @boulevarditb 
3. 10 adders baru OA line @boulevarditb",0.0
"9323b188-e698-407b-8419-12e3b63b3bf3",c2ea710d-940b-4619-949f-b0ed62afc304,Ruang Mahasiswa,"Hak:
1. 1 Website Post
2. 1 Instagram Feed
3. 1 Instastory
",25000.0
df653c50-9888-48ca-be02-6179e87d3f1f,c2ea710d-940b-4619-949f-b0ed62afc304,Ruang Mahasiswa,"Hak:
1. 1 Website Post
2. 1 Instagram Feed
3. 2 Instastory 2 akun",35000.0
"01ae5e18-7f74-48eb-b67c-cb04815411b2",c2ea710d-940b-4619-949f-b0ed62afc304,Ruang Mahasiswa,"Hak:
1. 1 Website Post
2. 2 Instagram Feed
3. 3 Instastory 2 akun
4. 1 Fanpage Post",50000.0
"7a3b8659-6be7-4838-8a9e-2cd84fe23d99",c2ea710d-940b-4619-949f-b0ed62afc304,Ruang Mahasiswa,"Hak:
1. 1 Website Post
2. 3 Instagram Feed
3. 4 Instastory 2 akun
4. 2 Fanpage Post",75000.0
a642e311-ab1a-412d-ae1b-34e190132106,"3da60dd0-0f03-4a36-956b-14b1498ea0c4",Event Jakarta,"Hak:
1. 1x posting story/video/reels di Instagram.com/eventjakarta (pilih salah satu)",250000.0
"442ca6b4-5a43-4828-9af6-dc51660b29df","3da60dd0-0f03-4a36-956b-14b1498ea0c4",Event Jakarta,"Hak:
1. 1x post feeds di Instagram.com/eventjakarta",250000.0
"9ef5b01b-74ac-4a5a-9548-d4ba1ff40248",eecd88ea-7a24-4245-a60a-d1ad9a870b52,T-Radio,"Hak:
‚Ä¢ Mendapatkan share poster event di Timeline Official Account LineT-Radio sebanyak 2
kali dengan waktu yang ditentukan oleh pihak T-Radio
‚Ä¢ Mendapatkan share poster event sebanyak 2 kali diposting di Instagram StoryT-Radio
dengan waktu yang ditentukan oleh pihak T-Radio

Kewajiban:
1. Pihak event wajib menandatangani MOU sesuai dengan yang telah disepakati
2. Pihak event wajib memberikan freepass minimal 2 orang untuk pihak T-Radio meliput acara
3. Pihak event wajib memasang logo T-Radio di poster
4. Pihak event wajib menyebutkan T-Radio sebagai media partner ketika acara berlangsung
5. Pihak event wajib untuk memfollow Instagram T-Radio sebanyak 30 followers dan OA Line T-Radio sebanyak 30 adders",35000.0
"46dbe9e8-dd9c-463b-8562-4bf296fffd5d",eecd88ea-7a24-4245-a60a-d1ad9a870b52,T-Radio,"Hak: 
1. Mendapatkan share poster event di Timeline Official Account LineT-Radio sebanyak 2 kali dengan waktu yang ditentukan oleh pihak T-Radio
2. Mendapatkan share poster event sebanyak 2 kali diposting di Instagram StoryT-Radio dengan waktu yang ditentukan oleh pihak T-Radio
3. Mendapatkan share poster event sebanyak 1 kali diposting di Instagram FeedsT-Radio dengan waktu yang ditentukan oleh pihak T-Radio
4. Live Report saat acara berlangsung

Kewajiban:
1. Pihak event wajib menandatangani MOU sesuai dengan yang telah disepakati
2. Pihak event wajib memberikan freepass minimal 2 orang untuk pihak T-Radio meliput acara
3. Pihak event wajib memasang logo T-Radio di poster
4. Pihak event wajib menyebutkan T-Radio sebagai media partner ketika acaraberlangsung
5. Pihak event wajib untuk memfollow Instagram T-Radio sebanyak 20 followers dan OA Line T-Radio sebanyak 20 adders",65000.0
"6d63cf67-6a7f-4201-acca-92ab2b1f072d",fd5611ee-0ac8-4c12-8be1-fdcc6e51e593,Events Ina,"Hak:
1. Post 1x di feeds (boleh menentukan tanggal)
2. Snapgram 3x beserta link swipe up (boleh menentukan tanggal)",40000.0
"8117e159-2e2a-4eb1-a3b0-4b49a24d33a5",fd5611ee-0ac8-4c12-8be1-fdcc6e51e593,Events Ina,"Hak:
1. Post 2x di feeds (boleh menentukan tanggal)
2. Snapgram 6x beserta link swipe up (boleh menentukan tanggal)",70000.0
d99b7e8e-cee4-4617-aa90-29dbf466682f,"9f372777-d731-4eba-9c09-83737eeabfcf",Info Lomba dan Event Terupdate,"Hak:
1. 1x feed 1x story @informasi_event
2. 1x feed 1x story @Lombaonline.co

Kewajiban:
1. Menyertakan logo di Poster Link Logo: bit.ly/logo-informasievent-png",30000.0
db9b41fa-e44d-4dab-adfc-7070c1d8e102,"1874fee1-9367-4c7f-9476-ff48892d80e9",Info webinar id,"Hak:
1. 1 kali feeds dan 1 kali story
2. Diperbolehkan untuk request tanggal post
3. Mendapatkan fasilitas mencantumkan link

Kewajiban:
1. Hanya menerima picture, bukan video
2. Diharuskan memberikan bahan publikasi beserta jadwal posting maksimal 1 minggu sebelum hari H pelaksanaan kegiatan, apabila tidak memenuhi hal tersebut mohon maaf bukan kesalahan admin apabila ada poster yang belum ter-posting.",10000.0
"3e12d326-7cbf-4f23-953c-aba63df2f9b7","1874fee1-9367-4c7f-9476-ff48892d80e9",Info webinar id,"Hak:
1. 2 kali feeds dan 2 kali story
2. Diperbolehkan untuk request tanggal post
3. Mendapatkan fasilitas mencantumkan link

Kewajiban:
1. Hanya menerima picture, bukan video
2. Diharuskan memberikan bahan publikasi beserta jadwal posting maksimal 1 minggu sebelum hari H pelaksanaan kegiatan, apabila tidak memenuhi hal tersebut mohon maaf bukan kesalahan admin apabila ada poster yang belum ter-posting.",15000.0
"80ae78c7-7db3-433f-97c2-607deccae4b3","1874fee1-9367-4c7f-9476-ff48892d80e9",Info webinar id,"Hak:
1. 3 kali feeds dan 3 kali story
2. Diperbolehkan untuk request tanggal post
3. Mendapatkan fasilitas mencantumkan link

Kewajiban:
1. Hanya menerima picture, bukan video
2. Diharuskan memberikan bahan publikasi beserta jadwal posting maksimal 1 minggu sebelum hari H pelaksanaan kegiatan, apabila tidak memenuhi hal tersebut mohon maaf bukan kesalahan admin apabila ada poster yang belum ter-posting.",20000.0
"9c4dc317-090b-4332-bee1-34f08749569d","250c6448-285f-4bf6-8ff3-abd2283e8fc5",Kawan Kampus,"Hak:
1. 2x Post dan 1 Story

Kewajiban:
1. Menambahkan logo @kawankampus diseluruh media publikasi kegiatan/event.
2. Kirimkan foto bukti transfer dan poster kepada admin OA LINE/WA Official Kawan Kampus.",100000.0
"77a0bdf3-5a80-42c3-898e-ba508e6b9258","250c6448-285f-4bf6-8ff3-abd2283e8fc5",Kawan Kampus,"Hak: 
1. Paket 3x Post dan 2 Story

Kewajiban:
1. Menambahkan logo @kawankampus diseluruh media publikasi kegiatan/event.
2. Kirimkan foto bukti transfer dan poster kepada admin OA LINE/WA Official Kawan Kampus",140000.0
"0f16acab-0456-4999-902c-f6c04ff67467","92cf6b3d-75d6-4270-b5d0-3018d5742a25",Bandung OKE TV,"Hak:
1. Post pamflet 1x",35000.0
f69b001f-aa0b-4979-973c-ff5dec44bf81,"92cf6b3d-75d6-4270-b5d0-3018d5742a25",Bandung OKE TV,"Hak:
1. Post video 1x",45000.0
"3f6d89e8-68cd-4927-854c-d5533903b3ac","92cf6b3d-75d6-4270-b5d0-3018d5742a25",Bandung OKE TV,"Hak:
1. Penayangan liputan 1x",110000.0
a93f0920-ca7c-457b-bef4-ed750bc7be98,e618cd3f-60e1-463a-b37f-b64511b294bf,infolomba_event,"Hak:
1. 1x post feed
2. 1x post story",15000.0
c5e8b55f-e914-4b04-b09b-e9f8611a67af,e618cd3f-60e1-463a-b37f-b64511b294bf,infolomba_event,"Hak:
1. 1x post feed dan 1x post story melalui akun @Infolomba_event, @Infolomba_gratisan, dan @Infolomba_net",40000.0
"5447ef25-a022-4fb4-a575-9cc6a98735ec",e618cd3f-60e1-463a-b37f-b64511b294bf,infolomba_event,"Hak:
1. 1x post feed dan 1x post story melalui akun @infolomba_terbaru, @infolomba_nasional, @infolomba_gratisan, @infolomba_event, @lombagratisan, dan @lombaonline.co ",75000.0
"1305548f-ccee-4fc6-98d9-a7c32e2c52f0","6967940d-7b4b-44f1-a7ce-899029e503cf",Soal Event,"Hak:
1. Mendapatkan penayangan 1√óigpost dan 1√óinstastory
2. Bisa request jadwal posting.
3. Tidak wajib mencantumkan logo (jika memang pihak panitia acara tidak mencantumkan logo media partner apapun di atribut eventnya) dan Tidak wajib follow akun kami
4. Materi dan konten bisa di kirim via Whatsapp

Kewajiban:
1. Membayar Biaya akomodasi sebesar 40.000 dalam bentuk Top Up OVO/Gopay/Dana/Link Aja/Shopeepay (081249976945) a.n. Arizky Dwi Prasetyo 
2. Pihak Soal Event Tidak menerima refund (pengembalian dana) dari pembatalan PP Event",40000.0
d59186cb-67ce-4bf3-8015-fe39c65495fc,"6967940d-7b4b-44f1-a7ce-899029e503cf",Soal Event,"Hak:
1. Mendapatkan penayangan 2√óigpost dan 2√óinstastory
2. Bisa request jadwal posting.
3. Tidak wajib mencantumkan logo (jika memang pihak panitia acara tidak mencantumkan logo media partner apapun di atribut eventnya) dan Tidak wajib follow akun kami
4. Materi dan konten bisa di kirim via Whatsapp

Kewajiban:
1. Membayar Biaya akomodasi sebesar 70.000 dalam bentuk Top Up OVO/Gopay/Dana/Link Aja/Shopeepay (081249976945) a.n. Arizky Dwi Prasetyo 
2. Pihak Soal Event Tidak menerima refund (pengembalian dana) dari pembatalan PP Event",70000.0
eedb4b32-0c1f-4f37-9c8b-b69c356fe06d,"6967940d-7b4b-44f1-a7ce-899029e503cf",Soal Event,"Hak:
1. Mendapatkan penayangan 3√óigpost dan 3√óinstastory
2. Bisa request jadwal posting.
3. Tidak wajib mencantumkan logo (jika memang pihak panitia acara tidak mencantumkan logo media partner apapun di atribut eventnya) dan Tidak wajib follow akun kami
4. Materi dan konten bisa di kirim via Whatsapp

Kewajiban:
1. Membayar Biaya akomodasi sebesar 90.000 dalam bentuk Top Up OVO/Gopay/Dana/Link Aja/Shopeepay (081249976945) a.n. Arizky Dwi Prasetyo 
2. Pihak Soal Event Tidak menerima refund (pengembalian dana) dari pembatalan PP Event",90000.0
